{"0": 1.1228040323734283, "1": 0.6812968919754029, "2": 0.6103362037658692, "3": 0.7320945053100586, "4": 0.47599250330924986, "5": 0.4823544623374939, "6": 0.4436111354827881, "7": 0.4023949706077576, "8": 0.4559468925476074, "9": 0.41291944556236265, "10": 0.4733625183284283, "11": 0.4148232460021973, "12": 0.41701091623306275, "13": 0.40683572731018064, "14": 0.3256592227935791, "15": 0.2966209899902344, "16": 0.3244128198623657, "17": 0.2660510899543762, "18": 0.5589770537376404, "19": 0.45449414529800414, "20": 0.33000969678759573, "21": 0.31189994196891785, "22": 0.36259266533851625, "23": 0.2863502548694611, "24": 0.29635851051807405, "25": 1.9568054271697999, "26": 1.9591774196624756, "27": 1.9587052078247071, "28": 1.9584352130889893, "29": 1.9582534721374512, "30": 1.9584205265045167, "31": 1.9572409385681153, "32": 1.8260971542358397, "33": 1.8292248693466187, "34": 1.8310636653900147, "35": 1.8352613037109375, "36": 1.8264233615875245, "37": 0.8546421510696411, "38": 0.7453070984840393, "39": 0.4415281348347664, "40": 0.8020949766159058, "41": 0.541098046040535, "42": 0.6806731925964356, "43": 0.6080149974107742, "44": 0.31005078248977663, "45": 0.530275332736969, "46": 0.47308566665649415, "47": 0.4052319672822952, "48": 0.5315143238544464, "49": 0.32246817684173584, "50": 0.3582216594696045, "51": 0.34518838119506834, "52": 0.31668460273742677, "53": 0.2849667572796345, "54": 0.4251643745422363, "55": 0.295569007229805, "56": 0.37667236423492434, "57": 0.32351202082633973, "58": 0.3137421510696411, "59": 0.31584836654663084, "60": 0.44652346725463865, "61": 0.24363873534202576, "62": 0.3916164405822754, "63": 0.4213217880725861, "64": 0.2615264284849167, "65": 0.5295498397827149, "66": 0.2709320017516613, "67": 0.41536918432712555, "68": 0.42893698554039, "69": 0.3428129581928253, "70": 0.5214926103591919, "71": 0.24849555888175964, "72": 0.4471191417694092, "73": 0.3913615660905838, "74": 0.3297961165904999, "75": 0.3646201889395714, "76": 0.2828784336924553, "77": 0.2820180697441101, "78": 0.2947731799602509, "79": 0.3300045649290085, "80": 0.3511075379371643, "81": 0.4005266647100449, "82": 0.5434666581630707, "83": 0.3312623338699341, "84": 0.2849591922283173, "85": 0.47928808376789095, "86": 0.25087548542022703, "87": 0.28151181020736693, "88": 0.47803137460947037, "89": 0.27090041556358335, "90": 0.29315062046051027, "91": 0.41726583251953125, "92": 0.3926397181034088, "93": 0.26478634939193724, "94": 0.3111364520072937, "95": 0.3280313606262207, "96": 0.33854325561523435, "97": 0.399729706287384, "98": 0.2335677987575531, "99": 0.37275124373435975, "100": 0.2704469750404358, "101": 0.304531424665451, "102": 0.46252882266044615, "103": 0.3483631808280945, "104": 0.5530875135421753, "105": 0.36036436395645144, "106": 0.2681889030456543, "107": 0.2748767590522766, "108": 0.29339221930503845, "109": 0.32412797913551333, "110": 0.32049945545196534, "111": 0.4471857677459717, "112": 0.305308277797699, "113": 0.26127136860489847, "114": 0.30746040964126586, "115": 0.39522195534706117, "116": 0.28576586532592774, "117": 0.3455895153999329, "118": 0.3303778129577637, "119": 0.3834225832462311, "120": 0.275931894505024, "121": 0.5027273634910584, "122": 0.44971747779846194, "123": 0.4440509482383728, "124": 0.22942769013643266, "125": 0.2945215103149414, "126": 0.29599841787815095, "127": 0.3600450708389282, "128": 0.34113403066396714, "129": 0.26734186568260193, "130": 0.26657476346716286, "131": 0.3384955898284912, "132": 0.45358747074604033, "133": 0.24417871761322021, "134": 0.3859386738240719, "135": 0.43732696862220766, "136": 0.35462723197937013, "137": 0.25848422336280347, "138": 0.4390109546661377, "139": 0.3314511047363281, "140": 0.26871409559249876, "141": 0.30036437549591066, "142": 0.28092257146835325, "143": 0.3460813274860382, "144": 0.2385351710319519, "145": 0.35513204741477966, "146": 0.2513537784576416, "147": 0.3892518594264984, "148": 0.2216975947380066, "149": 0.4580231072425842, "150": 0.0981073115825653, "151": 0.09364809705875814, "152": 0.09525249280929565, "153": 0.09648269300460816, "154": 0.08716493796408177, "155": 0.09384296418428421, "156": 0.10273677313327789, "157": 0.10333036232888698, "158": 0.09848064942359924, "159": 0.10386615026630461, "160": 0.10560184798240661, "161": 0.09879323186129331, "162": 0.10967079274654389, "163": 0.10570250706970692, "164": 0.1057560998916626, "165": 0.09921797482073307, "166": 0.09883066968917846, "167": 0.11662097368240357, "168": 0.11139976805695333, "169": 0.10411330716907978, "170": 0.11925480249896646, "171": 0.11260747117996216, "172": 0.11000987924039364, "173": 0.13351603552103042, "174": 0.12518775695562362, "175": 0.12565709068775177, "176": 0.12496121048391796, "177": 0.12069871787428856, "178": 0.11674610711038112, "179": 0.11461305291354656, "180": 0.11339967833776027, "181": 0.12567684727944434, "182": 0.13481985142230987, "183": 0.12205370812416076, "184": 0.1311583249416435, "185": 0.11021780913546682, "186": 0.1414992555618286, "187": 0.13298791551589967, "188": 0.12802991635482613, "189": 0.11430547119230032, "190": 0.14630598974227904, "191": 0.12364891366958618, "192": 0.13295395429842174, "193": 0.13635111435698347, "194": 0.11654172806739807, "195": 0.12400794426202774, "196": 0.13134501609802246, "197": 0.1173826524965465, "198": 0.11909027040409856, "199": 0.12252889430746436, "200": 0.11842739814221859, "201": 0.15913232979774475, "202": 0.1142486326098442, "203": 0.12914201574325562, "204": 0.13262674067020416, "205": 0.126250514793396, "206": 0.12625646916627883, "207": 0.1152043758392334, "208": 0.12234432928916067, "209": 0.1530518619775772, "210": 0.11941435890197753, "211": 0.11566616061031819, "212": 0.1256966923236847, "213": 0.14287000550031662, "214": 0.12211953756213188, "215": 0.12387997205257416, "216": 0.1333691294670105, "217": 0.1330168645232916, "218": 0.1289915055513382, "219": 0.14087128307819366, "220": 0.12079967861734331, "221": 0.13816480372548104, "222": 0.13790341515541077, "223": 0.14214825704097747, "224": 0.11909004245055839, "225": 0.13008099944591522, "226": 0.13728057171739638, "227": 0.1263717546544969, "228": 0.12857023442983628, "229": 0.12951848406791688, "230": 0.13494545099362731, "231": 0.14279551385492087, "232": 0.1152028954744339, "233": 0.1307074335515499, "234": 0.13313036318635568, "235": 0.13541514862277546, "236": 0.12644693456888198, "237": 0.12329447081089019, "238": 0.1228824974640971, "239": 0.14443802528381347, "240": 0.1192592730998993, "241": 0.1725585500717163, "242": 0.1718489587271237, "243": 0.12469925576355308, "244": 0.11508886268138885, "245": 0.14294673610981554, "246": 0.13004100575447083, "247": 0.13004263297393917, "248": 0.12760050550103189, "249": 0.11646542049795389, "250": 0.09176347931987838, "251": 0.09663609114396386, "252": 0.09723973089073552, "253": 0.10658737230472562, "254": 0.10858890714645386, "255": 0.11594041661705415, "256": 0.11654593623448163, "257": 0.1255377221941948, "258": 0.12912418597142095, "259": 0.12486997210662003, "260": 0.13224980625510216, "261": 0.14088912362577394, "262": 0.13951879876852036, "263": 0.13602919464647006, "264": 0.13652669982910157, "265": 0.13705041865336243, "266": 0.1422842800140381, "267": 0.1483083998037093, "268": 0.14278572584366483, "269": 0.15245905814170838, "270": 0.1534765086735424, "271": 0.1406535005268641, "272": 0.14862265859179521, "273": 0.14688714988231658, "274": 0.14485921230316162, "275": 0.15488736897401686, "276": 0.16116299528601666, "277": 0.16096171641349794, "278": 0.16127709771918577, "279": 0.15692237578630447, "280": 0.15609734337329864, "281": 0.16208902801275255, "282": 0.1658600524427369, "283": 0.15349953393936158, "284": 0.15563031458854676, "285": 0.17066343918565663, "286": 0.16840770065784455, "287": 0.16473490592374693, "288": 0.1691593005693978, "289": 0.1705405735324317, "290": 0.16134822866874746, "291": 0.16266259059906005, "292": 0.1646641975451471, "293": 0.1648586272157623,