{"0": 1.1228041393280028, "1": 0.681296880531311, "2": 0.6103361714363098, "3": 0.7320943956375122, "4": 0.4759925833702087, "5": 0.482354571723938, "6": 0.4436113854408264, "7": 0.40239491062164306, "8": 0.45594676020145414, "9": 0.4129194353342056, "10": 0.47336264905929565, "11": 0.4148231554031372, "12": 0.4170109532356262, "13": 0.4068356798171997, "14": 0.3256590843677521, "15": 0.2966210853099823, "16": 0.32441256370544436, "17": 0.26605129342079165, "18": 0.5589769546985626, "19": 0.45449416484832766, "20": 0.3300094469070435, "21": 0.31190001497268677, "22": 0.36259247779846193, "23": 0.28634988498687747, "24": 0.296358438873291, "25": 1.956805288696289, "26": 1.9591775356292724, "27": 1.9587050163269042, "28": 1.9584354444503784, "29": 1.958253482055664, "30": 1.9584207916259766, "31": 1.9572407356262207, "32": 1.8260965402603149, "33": 1.8292244243621827, "34": 1.8310636539459229, "35": 1.8352612775802613, "36": 1.8264234695434571, "37": 0.8546421361923218, "38": 0.7453076519966125, "39": 0.44152830281257627, "40": 0.8020945602416992, "41": 0.5410980370283127, "42": 0.6806735396385193, "43": 0.6080150861740112, "44": 0.31005138256549836, "45": 0.5302751435756683, "46": 0.47308578111827376, "47": 0.40523191010952, "48": 0.5315141462087631, "49": 0.32246792623996734, "50": 0.35822166843414305, "51": 0.3451886163234711, "52": 0.31668492403030396, "53": 0.28496654741764066, "54": 0.4251639170646668, "55": 0.2955686839103699, "56": 0.37667239165306093, "57": 0.32351227328777316, "58": 0.3137422657728195, "59": 0.315848388338089, "60": 0.4465233787536621, "61": 0.2436388922929764, "62": 0.39161680612564087, "63": 0.42132181186676027, "64": 0.26152668917179106, "65": 0.5295502186775207, "66": 0.27093211916685106, "67": 0.4153692596435547, "68": 0.4289377449989319, "69": 0.3428126434326172, "70": 0.521492352437973, "71": 0.248495702791214, "72": 0.44711934070587156, "73": 0.39136134123802185, "74": 0.32979594657421113, "75": 0.3646200246810913, "76": 0.28287834067344664, "77": 0.2820182108402252, "78": 0.2947732548236847, "79": 0.3300048362731934, "80": 0.3511080923080444, "81": 0.4005270294189453, "82": 0.5434661785602569, "83": 0.33126236572265627, "84": 0.28495970783233643, "85": 0.4792881328105926, "86": 0.25087580032348633, "87": 0.28151182870864866, "88": 0.47803110866546633, "89": 0.2709000391960144, "90": 0.29315066299438475, "91": 0.417265069770813, "92": 0.39264035987854, "93": 0.2647866946697235, "94": 0.3111362353146076, "95": 0.3280312394142151, "96": 0.3385436016559601, "97": 0.3997299072265625, "98": 0.2335676100730896, "99": 0.37275122277736666, "100": 0.2704467186808586, "101": 0.30453036163151265, "102": 0.46252898025512695, "103": 0.34836334572434424, "104": 0.5530868082523346, "105": 0.3603641037464142, "106": 0.2681889377593994, "107": 0.2748770874083042, "108": 0.2933920900821686, "109": 0.324127549123764, "110": 0.32049897763729096, "111": 0.4471861743927002, "112": 0.3053082771301269, "113": 0.2612713397979736, "114": 0.30746071075201037, "115": 0.39522176723480223, "116": 0.28576600301265714, "117": 0.3455896098136902, "118": 0.33037759871482847, "119": 0.3834221230506897, "120": 0.2759318562924862, "121": 0.5027273691177369, "122": 0.449717294883728, "123": 0.44405070409774783, "124": 0.22942768609821795, "125": 0.29452125582695005, "126": 0.2959983446121216, "127": 0.360044861125946, "128": 0.3411342934131622, "129": 0.2673421133995056, "130": 0.26657501783370974, "131": 0.33849575610160826, "132": 0.4535873169898987, "133": 0.24417900795936584, "134": 0.3859392755508423, "135": 0.4373268784761429, "136": 0.35462714574337006, "137": 0.25848431437015534, "138": 0.4390109708786011, "139": 0.33145119209289553, "140": 0.26871390962600705, "141": 0.30036426248550413, "142": 0.28092256163358686, "143": 0.3460812889814377, "144": 0.23853498704731466, "145": 0.3551320405483246, "146": 0.2513537800014019, "147": 0.38925142154693604, "148": 0.22169745084047318, "149": 0.4580226457595825, "150": 0.0981073947608471, "151": 0.09364821643829346, "152": 0.09525217244625092, "153": 0.09648302678763866, "154": 0.08716484149843455, "155": 0.09384349195957184, "156": 0.10273689888119697, "157": 0.10333038438111544, "158": 0.09847976427078248, "159": 0.10386725850105286, "160": 0.10560180039405823, "161": 0.09879307677149772, "162": 0.10967030448913574, "163": 0.10570321345329285, "164": 0.1057560982093215, "165": 0.09921794809773564, "166": 0.09882997007369995, "167": 0.1166211167305708, "168": 0.11139969228804111, "169": 0.10411332463948056, "170": 0.11925435128211975, "171": 0.11260730991363525, "172": 0.11000996353663504, "173": 0.13351584444046022, "174": 0.12518758636824787, "175": 0.12565744085907937, "176": 0.12496120815612376, "177": 0.12069875186681747, "178": 0.11674565443992614, "179": 0.11461317761689424, "180": 0.113399515914917, "181": 0.12567684630155562, "182": 0.13481985349059106, "183": 0.12205374158769845, "184": 0.13115833149179817, "185": 0.11021782045327128, "186": 0.14149976563453676, "187": 0.13298795306161046, "188": 0.12802992332000285, "189": 0.1143054865727201, "190": 0.1463059848576784, "191": 0.12364815430864692, "192": 0.1329539492141106, "193": 0.13635103751420974, "194": 0.11654183020740748, "195": 0.12400780338644982, "196": 0.1313449956893921, "197": 0.11738245642781257, "198": 0.11909025658071042, "199": 0.12252886589616536, "200": 0.11842744550555945, "201": 0.15913144464492798, "202": 0.11424820685386658, "203": 0.129141803881526, "204": 0.13262711916344705, "205": 0.12625069770403205, "206": 0.12625623775720596, "207": 0.11520404956936836, "208": 0.12234417797327042, "209": 0.15305190868377685, "210": 0.11941511234622448, "211": 0.11566635285019874, "212": 0.12569629355818032, "213": 0.1428699790691491, "214": 0.12212037851810455, "215": 0.1238796950713644, "216": 0.13336925050020218, "217": 0.13301691451072692, "218": 0.12899091153822373, "219": 0.14087118516117333, "220": 0.12080003833770751, "221": 0.13816465881168843, "222": 0.13790338528156282, "223": 0.14214797210693358, "224": 0.1190900551699102, "225": 0.1300813618183136, "226": 0.13727999105453492, "227": 0.12637184326052667, "228": 0.12857020067051053, "229": 0.12951860187351705, "230": 0.13494551286101342, "231": 0.14279486405849456, "232": 0.11520317819325719, "233": 0.13070752659589052, "234": 0.13313036590277189, "235": 0.1354151497052866, "236": 0.12644735593795775, "237": 0.12329438191652298, "238": 0.12288246870040893, "239": 0.1444380954891094, "240": 0.1192592408657074, "241": 0.17255849880576135, "242": 0.17184895384876, "243": 0.12469925691969692, "244": 0.11508879399970173, "245": 0.1429457891702652, "246": 0.13004120711162687, "247": 0.13004263024647372, "248": 0.1276004227824509, "249": 0.1164655262708664, "250": 0.09176347958752885, "251": 0.09663638272285462, "252": 0.09723913758993148, "253": 0.10658736023902893, "254": 0.10858855301156654, "255": 0.11594042830467224, "256": 0.11654594108280726, "257": 0.12553797654516333, "258": 0.12912418685674237, "259": 0.12486997296247246, "260": 0.13224965555667878, "261": 0.14088912443077026, "262": 0.13951787990406156, "263": 0.1360291932737149, "264": 0.13652536974102258, "265": 0.13705041421238198, "266": 0.14228447856379425, "267": 0.14830839546516364, "268": 0.14278563576340675, "269": 0.15245981781184673, "270": 0.15347650129701942, "271": 0.14065351505893867, "272": 0.14862265711144348, "273": 0.1468894668397872, "274": 0.14485701352403785, "275": 0.15488769974708558, "276": 0.16116217144727707, "277": 0.16096112574415022, "278": 0.16127741177380084, "279": 0.1569208120598458, "280": 0.15609706778526306, "281": 0.16209046195624213, "282": 0.1658600026316941, "283": 0.15349936547011458, "284": 0.15563052007665823, "285": 0.17066343777230505, "286": 0.16840785118617585, "287": 0.1647349063901322, "288": 0.16915930872375612, "289": 0.17054062163736672, "290": 0.16134822472042507, "291": 0.16266157357439537, "292": 0.16466597356796264, "293": 0.16485748983621598,