{"0": 1.3146064665052626, "1": 0.7791413319905599, "2": 0.601089682006836, "3": 0.5039868959214953, "4": 0.4512237816704644, "5": 0.40747142372131345, "6": 0.3696884632534451, "7": 0.3420537062327067, "8": 0.31814327727423775, "9": 0.30327645335727266, "10": 0.286865012910631, "11": 0.2786237567053901, "12": 0.2660010303709242, "13": 0.2623942159864638, "14": 0.25093468788994683, "15": 0.2510382790883382, "16": 0.2398672030766805, "17": 0.24082975673675538, "18": 0.23208531786600747, "19": 0.22945528700086806, "20": 0.22829767882029214, "21": 0.22254397644466825, "22": 0.22016258080800374, "23": 0.21621086966196695, "24": 0.21447942157321506, "25": 1.958045915052626, "26": 1.9574804117838542, "27": 1.9573944034152562, "28": 1.9581934129503038, "29": 1.9580469570583767, "30": 1.957258012898763, "31": 1.9559207448323568, "32": 1.8267985361735026, "33": 1.826841914876302, "34": 1.8299558624267578, "35": 1.833004978773329, "36": 1.8349729336208767, "37": 0.6563912441253662, "38": 0.43287381523980034, "39": 0.369926791466607, "40": 0.33511720784505206, "41": 0.3169051220787896, "42": 0.2990836448881361, "43": 0.2889344205644396, "44": 0.2733032247331407, "45": 0.2684776691860623, "46": 0.2609769079844157, "47": 0.25364324845208064, "48": 0.24981509284973144, "49": 0.24705392169952392, "50": 0.24070112677680122, "51": 0.23812286054823134, "52": 0.2332101360321045, "53": 0.22972790463765463, "54": 0.22972883949279785, "55": 0.22278423205481634, "56": 0.22359162996080187, "57": 0.22131764871809217, "58": 0.22117238157060412, "59": 0.21389523510403102, "60": 0.21519568453894722, "61": 0.21255001180436875, "62": 0.2096599219004313, "63": 0.21182494123246934, "64": 0.20903763749864365, "65": 0.21164798221588135, "66": 0.20458843072255453, "67": 0.20547666806115045, "68": 0.20294730152553983, "69": 0.20473317849900988, "70": 0.20186351579030354, "71": 0.20085141508314344, "72": 0.20220694904327394, "73": 0.19745213684505886, "74": 0.19853410775926378, "75": 0.19911277101304797, "76": 0.19787983067830403, "77": 0.1986826296488444, "78": 0.19796469338734946, "79": 0.200069220606486, "80": 0.19597145093282065, "81": 0.19483092702229818, "82": 0.19290628475613064, "83": 0.19487457637786865, "84": 0.19377903569539387, "85": 0.18981629130045574, "86": 0.1896018182542589, "87": 0.19148523239559598, "88": 0.18995553224351672, "89": 0.18756825966305202, "90": 0.18998098742167155, "91": 0.18989117427402072, "92": 0.18857450546688503, "93": 0.18383000587887235, "94": 0.18773510117001005, "95": 0.18819608804914686, "96": 0.18596910773383246, "97": 0.18681042601267497, "98": 0.1856543992360433, "99": 0.18487151550716824, "100": 0.1874257457309299, "101": 0.18566637075212267, "102": 0.18795502310858833, "103": 0.18711225668589274, "104": 0.18704683055877686, "105": 0.1838834628423055, "106": 0.18400149771372476, "107": 0.18135786573621962, "108": 0.1834161977344089, "109": 0.1813952281104194, "110": 0.1859453619427151, "111": 0.18192768582238092, "112": 0.17976979944441054, "113": 0.18219849455091688, "114": 0.18333490539126926, "115": 0.17953438824547663, "116": 0.1795047415415446, "117": 0.1805895512898763, "118": 0.18241743751102024, "119": 0.18241660656399197, "120": 0.18076757193671333, "121": 0.18144794226752387, "122": 0.1829808016035292, "123": 0.18121293686760798, "124": 0.17966911307440864, "125": 0.18201912212371826, "126": 0.1802604659822252, "127": 0.181925603612264, "128": 0.18155542835659452, "129": 0.17887411128150094, "130": 0.17903386775122748, "131": 0.18162570737202963, "132": 0.1784859591272142, "133": 0.18105875305599636, "134": 0.18084145988888212, "135": 0.17915171434614394, "136": 0.1793425260119968, "137": 0.17904571047888862, "138": 0.17991372928619384, "139": 0.18076465625762939, "140": 0.1793330058203803, "141": 0.17751330653296576, "142": 0.18091782942877876, "143": 0.18125664988623724, "144": 0.17826652425130207, "145": 0.17613133051130506, "146": 0.17675424762301975, "147": 0.1814788907792833, "148": 0.1792416865878635, "149": 0.17709274429745145, "150": 0.09261374281247457, "151": 0.06595544868045383, "152": 0.05666614144643148, "153": 0.05088011735015445, "154": 0.04776704739994473, "155": 0.04248956355783674, "156": 0.038676527370346915, "157": 0.03751328946087096, "158": 0.036147151727146574, "159": 0.033341735899448395, "160": 0.0323774509218004, "161": 0.03234097467263539, "162": 0.029332760757870145, "163": 0.0298946350812912, "164": 0.028311132486661277, "165": 0.028537513513035243, "166": 0.026628135957982805, "167": 0.027664579179551865, "168": 0.02696481686035792, "169": 0.027712819544474285, "170": 0.025607334526379904, "171": 0.026349673941400316, "172": 0.025650327364603678, "173": 0.025955178062121075, "174": 0.024630624569124647, "175": 0.024935102354155646, "176": 0.025210349022017586, "177": 0.025303984791702695, "178": 0.024673271109660465, "179": 0.02443788455658489, "180": 0.024857803785800933, "181": 0.02484851206011242, "182": 0.024251397936873965, "183": 0.02585155023203956, "184": 0.02411391959057914, "185": 0.024526571946673924, "186": 0.025612682966391246, "187": 0.02443086603416337, "188": 0.025280348094304402, "189": 0.024584607379966313, "190": 0.023530041135682, "191": 0.025511403448051875, "192": 0.024095613555775747, "193": 0.023490417722860972, "194": 0.02431414310336113, "195": 0.02453306278652615, "196": 0.024284091097116472, "197": 0.023615229501989153, "198": 0.022237095452017255, "199": 0.024630848711066775, "200": 0.02361373941898346, "201": 0.024052013441589144, "202": 0.02406597847673628, "203": 0.023896762810813058, "204": 0.024104865810606214, "205": 0.023962744206852384, "206": 0.023083801476160685, "207": 0.024175222799513073, "208": 0.024634552793370353, "209": 0.022393588066101075, "210": 0.025007261260350546, "211": 0.023915941072834863, "212": 0.024378146094083786, "213": 0.024195304985841114, "214": 0.0227444725672404, "215": 0.025089244394832188, "216": 0.023611947315269045, "217": 0.024385619811879262, "218": 0.023505299312538572, "219": 0.023389214068651198, "220": 0.02442586495346493, "221": 0.024660473056634265, "222": 0.022210926609569127, "223": 0.023680462528599632, "224": 0.02364354073736403, "225": 0.023945311390029058, "226": 0.023129406861464183, "227": 0.023385569355222915, "228": 0.02342768754694197, "229": 0.023287436176670923, "230": 0.022931057663758594, "231": 0.023598305953211253, "232": 0.022791326504945756, "233": 0.022923966205120088, "234": 0.023478859893480936, "235": 0.024089401537179946, "236": 0.022701640960905288, "237": 0.02220392849445343, "238": 0.023009990753067866, "239": 0.021888477080066998, "240": 0.022925948868195215, "241": 0.022152260629998314, "242": 0.022413544081317054, "243": 0.022863083537419636, "244": 0.02194847078654501, "245": 0.022758638796541424, "246": 0.02156050991680887, "247": 0.023068696253829533, "248": 0.02106873670551512, "249": 0.02257509297761652, "250": 0.0079687456243568, "251": 0.0035495695896446706, "252": 0.0031025593711684145, "253": 0.0025388034304190013, "254": 0.001694905783339507, "255": 0.0015962845051738744, "256": 0.0015489511495223268, "257": 0.0015308077437078786, "258": 0.001513394173735287, "259": 0.001426179300008678, "260": 0.0013246516043656609, "261": 0.0010615818110178224, "262": 0.0009703240503298326, "263": 0.0012162744283689083, "264": 0.0010393539105604255, "265": 0.00095351981519812, "266": 0.0008085851015548946, "267": 0.0008890958380686546, "268": 0.00088225658491574, "269": 0.0007691945663638762, "270": 0.0010163403340602397, "271": 0.0006839020498289352, "272": 0.0008924321631032702, "273": 0.0005950496647617709, "274": 0.0005471581775311885, "275": 0.0006951321468106875, "276": 0.000646361253543364, "277": 0.0004707851676993919, "278": 0.0008266647669458406, "279": 0.0007150606374797967, "280": 0.0007150962999701733, "281": 0.0006921149483364894, "282": 0.0008489495847923535, "283": 0.0005880258749850327, "284": 0.0006004229121476075, "285": 0.0005358086611068656, "286": 0.0005481708336526936,