{"0": 0.06010802462697029, "1": 0.03136182948946953, "2": 0.03152612969279289, "3": 0.02401641570031643, "4": 0.03932167962193489, "5": 0.02266734652221203, "6": 0.02696952223777771, "7": 0.024808760732412338, "8": 0.02590457908809185, "9": 0.03317008540034294, "10": 0.01957978866994381, "11": 0.020613977685570717, "12": 0.03279586136341095, "13": 0.04103810712695122, "14": 0.02769755758345127, "15": 0.024090059101581573, "16": 0.026553988456726074, "17": 0.03167952224612236, "18": 0.02627592720091343, "19": 0.02284012734889984, "20": 0.018436584621667862, "21": 0.026898181065917015, "22": 0.02890801429748535, "23": 0.02178173139691353, "24": 0.023399990051984787, "25": 0.008341895416378975, "32": 0.007788087707012892, "37": 0.014961197972297668, "38": 0.016165833920240402, "39": 0.024844901636242867, "40": 0.024241475388407707, "41": 0.019030580297112465, "42": 0.01822945848107338, "43": 0.01440239604562521, "44": 0.015963632613420486, "45": 0.02181500382721424, "46": 0.027967706322669983, "47": 0.02042798325419426, "48": 0.01848866418004036, "49": 0.02597586251795292, "50": 0.0283355712890625, "51": 0.018534842878580093, "52": 0.01811852864921093, "53": 0.019865818321704865, "54": 0.020218661054968834, "55": 0.02521248534321785, "56": 0.02805119752883911, "57": 0.0109774861484766, "58": 0.013294490054249763, "59": 0.013598143123090267, "60": 0.016477853059768677, "61": 0.02624448947608471, "62": 0.016510842368006706, "63": 0.019423339515924454, "64": 0.015162485651671886, "65": 0.02580055594444275, "66": 0.027906060218811035, "67": 0.03097250871360302, "68": 0.018776239827275276, "69": 0.01968764141201973, "70": 0.02090970240533352, "71": 0.019768020138144493, "72": 0.029826616868376732, "73": 0.012800049968063831, "74": 0.026992378756403923, "75": 0.02233673445880413, "76": 0.02826257422566414, "77": 0.01771746575832367, "78": 0.01324155367910862, "79": 0.02218804322183132, "80": 0.019101355224847794, "81": 0.019006026908755302, "82": 0.02067423425614834, "83": 0.01901000738143921, "84": 0.01857430301606655, "85": 0.020774099975824356, "86": 0.012290208600461483, "87": 0.028634196147322655, "88": 0.018732184544205666, "89": 0.017711950466036797, "90": 0.015601232647895813, "91": 0.027820831164717674, "92": 0.01894744299352169, "93": 0.02017798088490963, "94": 0.01937689818441868, "95": 0.02236649952828884, "96": 0.01453834492713213, "97": 0.029848823323845863, "98": 0.014315354637801647, "99": 0.01684281975030899, "100": 0.015435963869094849, "101": 0.025538915768265724, "102": 0.010409105569124222, "103": 0.02299521677196026, "104": 0.018336128443479538, "105": 0.018444320186972618, "106": 0.022934718057513237, "107": 0.02650277130305767, "108": 0.02482978254556656, "109": 0.015822310000658035, "110": 0.02679542638361454, "111": 0.016447020694613457, "112": 0.015883104875683784, "113": 0.02003704570233822, "114": 0.013714293017983437, "115": 0.015899792313575745, "116": 0.01214637141674757, "117": 0.014898061752319336, "118": 0.022147027775645256, "119": 0.023399457335472107, "120": 0.0201974306255579, "121": 0.018385929986834526, "122": 0.032651983201503754, "123": 0.012723984196782112, "124": 0.01771894469857216, "125": 0.014859986491501331, "126": 0.0156732015311718, "127": 0.017958231270313263, "128": 0.02245134487748146, "129": 0.020931992679834366, "130": 0.021642569452524185, "131": 0.01368224062025547, "132": 0.023298507556319237, "133": 0.015778247267007828, "134": 0.018864143639802933, "135": 0.02213658019900322, "136": 0.016096657142043114, "137": 0.01974940113723278, "138": 0.023824237287044525, "139": 0.013788721524178982, "140": 0.02192940190434456, "141": 0.01560334861278534, "142": 0.02385869435966015, "143": 0.023496059700846672, "144": 0.017080212011933327, "145": 0.01587151549756527, "146": 0.028119271621108055, "147": 0.01918959990143776, "148": 0.015229432843625546, "149": 0.016320308670401573, "150": 0.004427413456141949, "151": 0.004419182892888784, "152": 0.005177483428269625, "153": 0.00468118442222476, "154": 0.005198645871132612, "155": 0.005813588388264179, "156": 0.0057952567003667355, "157": 0.005632923450320959, "158": 0.00796117726713419, "159": 0.006049669347703457, "160": 0.005971342325210571, "161": 0.006325763650238514, "162": 0.006615474354475737, "163": 0.007200338877737522, "164": 0.0070802392438054085, "165": 0.007254018913954496, "166": 0.0077303010039031506, "167": 0.008777279406785965, "168": 0.007750693242996931, "169": 0.008233350701630116, "170": 0.008087492547929287, "171": 0.007324525620788336, "172": 0.007350115571171045, "173": 0.008104352280497551, "174": 0.008855125866830349, "175": 0.00830885674804449, "176": 0.007301300764083862, "177": 0.007970168255269527, "178": 0.008585955016314983, "179": 0.00841054692864418, "180": 0.007711249869316816, "181": 0.008171321824193, "182": 0.008788048289716244, "183": 0.00837923027575016, "184": 0.008830544538795948, "185": 0.008954513818025589, "186": 0.008823179639875889, "187": 0.007884109392762184, "188": 0.00896128173917532, "189": 0.008976041339337826, "190": 0.008879168890416622, "191": 0.008384627290070057, "192": 0.009821200743317604, "193": 0.008426633663475513, "194": 0.009239664301276207, "195": 0.008336885832250118, "196": 0.008643751963973045, "197": 0.00915441196411848, "198": 0.009034606628119946, "199": 0.00899449922144413, "200": 0.009602940641343594, "201": 0.008273428305983543, "202": 0.009063760749995708, "203": 0.009465478360652924, "204": 0.008672448806464672, "205": 0.00873652845621109, "206": 0.00913914293050766, "207": 0.00980603788048029, "208": 0.009364208206534386, "209": 0.008742204867303371, "210": 0.010367053560912609, "211": 0.008440593257546425, "212": 0.009814098477363586, "213": 0.009055283851921558, "214": 0.009804110042750835, "215": 0.01057553943246603, "216": 0.010253474116325378, "217": 0.010975322686135769, "218": 0.00906634982675314, "219": 0.009474064223468304, "220": 0.011272436939179897, "221": 0.00940090324729681, "222": 0.01073682215064764, "223": 0.009927795268595219, "224": 0.009595083072781563, "225": 0.010994134470820427, "226": 0.010817375965416431, "227": 0.009783386252820492, "228": 0.00851916428655386, "229": 0.009284702129662037, "230": 0.008838966488838196, "231": 0.00923488475382328, "232": 0.009760054759681225, "233": 0.008647135458886623, "234": 0.009031164459884167, "235": 0.010098311118781567, "236": 0.011953973211348057, "237": 0.010135897435247898, "238": 0.009455904364585876, "239": 0.00994293112307787, "240": 0.009654915891587734, "241": 0.009139703586697578, "242": 0.009255858138203621, "243": 0.010450117290019989, "244": 0.008544794283807278, "245": 0.01111613493412733, "246": 0.009409154765307903, "247": 0.009656173177063465, "248": 0.010470092296600342, "249": 0.010306295938789845, "250": 0.0072427480481565, "251": 0.007344783749431372, "252": 0.007414764259010553, "253": 0.007545141968876123, "254": 0.007648334838449955, "255": 0.00799561757594347, "256": 0.007778470870107412, "257": 0.007720734924077988, "258": 0.008123094215989113, "259": 0.007933946326375008, "260": 0.008113505318760872, "261": 0.008025379851460457, "262": 0.008889495395123959, "263": 0.008419801481068134, "264": 0.00849507749080658, "265": 0.008578680455684662, "266": 0.00855253916233778, "267": 0.00873878039419651, "268": 0.00877123512327671, "269": 0.008584372699260712, "270": 0.008926472626626492, "271": 0.00870414450764656, "272": 0.008679659105837345, "273": 0.008513874374330044, "274": 0.008890040218830109, "275": 0.008835201151669025, "276": 0.008822380565106869, "277": 0.009123193100094795, "278": 0.008862589485943317, "279": 0.008840424939990044, "280": 0.009016885422170162, "281": 0.008882088586688042, "282": 0.009320189245045185, "283": 0.008963443338871002, "284": 0.008987846784293652, "285": 0.009005297906696796, "286": 0.009020529687404633, "287": 0.009352239780128002, "288": 0.009038937278091908, "289": 0.00901940930634737, "290": 0.00909888930618763, "291": 0.00915231928229332,