{"0": 1.807910918045044, "1": 1.4180228126525878, "2": 1.3099102800369262, "3": 1.0303225749969482, "4": 0.9994606674194336, "5": 0.8297636737823486, "6": 0.8058740959167481, "7": 0.733762814617157, "8": 0.90862057158947, "9": 0.6380211790084839, "10": 0.8265628081798554, "11": 0.8604692077636719, "12": 0.7890932527542114, "13": 0.9486602272033692, "14": 0.6821743755340576, "15": 0.5596817183494568, "16": 0.8215389566421509, "17": 0.633223122882843, "18": 0.612218614768982, "19": 0.8759938762664795, "20": 0.5975072132110596, "21": 0.7145087420701981, "22": 0.7932007583618164, "23": 0.5937177826881409, "24": 0.5116542109489441, "25": 2.5275703411102297, "26": 2.5280900165557862, "27": 2.5305031227111816, "28": 2.52968127784729, "29": 2.5298413261413573, "30": 2.5315369491577147, "31": 2.5307921669006346, "32": 2.407606150817871, "33": 2.4100032390594484, "34": 2.407843809509277, "35": 2.410489143753052, "36": 2.406403981781006, "37": 2.336207907485962, "38": 2.343626244735718, "39": 2.380788752746582, "40": 2.3579174434661865, "41": 2.4007651119232176, "42": 2.333764737892151, "43": 2.3598038482666017, "44": 2.4287120986938477, "45": 2.7101899196624757, "46": 2.8093459663391114, "47": 2.9514487140655516, "48": 2.915593921661377, "49": 3.5246369663238526, "50": 3.542037861633301, "51": 3.381780000305176, "52": 3.6613403923034666, "53": 3.5919452270507812, "54": 3.9220150283813475, "55": 4.092335021209717, "56": 4.1647372268676754, "57": 4.484970682525635, "58": 4.241826974487305, "59": 4.432043437957764, "60": 5.0580920921325685, "61": 4.538044256591797, "62": 4.31702939453125, "63": 4.551848136138916, "64": 4.574700625228882, "65": 4.435990710449219, "66": 5.184047946929931, "67": 4.710151789855957, "68": 4.945996174621582, "69": 5.128309574890137, "70": 4.494537028503418, "71": 4.666708394622803, "72": 4.550091105651855, "73": 4.963074766540528, "74": 4.102994818115234, "75": 5.089487730407715, "76": 4.913510427093506, "77": 5.090305179595947, "78": 4.0558177261352535, "79": 4.921944091796875, "80": 5.082963789367676, "81": 4.839921632385254, "82": 5.7437136947631835, "83": 4.675052537536621, "84": 5.548758974456787, "85": 4.629421277999878, "86": 5.236239388275147, "87": 4.872968394470215, "88": 5.522274313354492, "89": 4.703110453796387, "90": 5.052974003601074, "91": 5.099786688232422, "92": 4.573291346740723, "93": 5.30021499786377, "94": 5.127764406585693, "95": 5.117594631195068, "96": 5.02099919052124, "97": 5.460795132446289, "98": 4.884664614868164, "99": 4.877136978149414, "100": 5.220578590393067, "101": 5.544214025115966, "102": 5.696659885787964, "103": 4.772032595062256, "104": 5.030824207305908, "105": 8.740363987731934, "106": 5.319333765411377, "107": 4.640280668640137, "108": 4.965731304931641, "109": 5.3292797050476075, "110": 4.646545807647705, "111": 5.5183057159423825, "112": 4.932974342346191, "113": 4.809520697021484, "114": 5.340725450134277, "115": 5.412296118927002, "116": 5.07558889541626, "117": 5.404134535980225, "118": 4.965558485412598, "119": 4.940300269317627, "120": 4.875457608032226, "121": 4.744220851135254, "122": 4.629519766998291, "123": 5.372043984222412, "124": 5.065629906463623, "125": 5.290706907653808, "126": 6.355017085266113, "127": 5.4592407600402835, "128": 5.134730293273925, "129": 6.117613828277588, "130": 5.296303787231445, "131": 4.790244688415528, "132": 5.3259640922546385, "133": 6.5302997360229496, "134": 5.074398048400879, "135": 4.987112450408936, "136": 5.130108412170411, "137": 5.519020708465576, "138": 5.52168991241455, "139": 5.287509295654297, "140": 5.859310447692871, "141": 5.362467698669434, "142": 5.596309380340577, "143": 5.212640670013427, "144": 5.108245848083496, "145": 5.11021955871582, "146": 4.58522791595459, "147": 6.458080319213868, "148": 5.106901519012451, "149": 5.914488329315185, "150": 5.609756107330322, "151": 5.766935656738282, "152": 5.8932591285705564, "153": 6.0295404296875, "154": 6.089457936096191, "155": 6.223239717102051, "156": 6.327242578887939, "157": 6.465523419952393, "158": 6.545289046478271, "159": 6.613992028808593, "160": 6.741401377868653, "161": 6.821752903747559, "162": 6.825499661254883, "163": 6.865666795349121, "164": 7.017970008850098, "165": 6.9728968093872075, "166": 6.9835279769897465, "167": 7.077674413299561, "168": 7.104640418243409, "169": 7.248340411376953, "170": 7.288387049102783, "171": 7.206831930541992, "172": 7.419665509033203, "173": 7.381538150024414, "174": 7.299056400299072, "175": 7.4144752243042, "176": 7.477947884368897, "177": 7.498314002990723, "178": 7.557471928405762, "179": 7.64008678894043, "180": 7.363062564086914, "181": 7.441436842346191, "182": 7.57382474822998, "183": 7.6694102844238285, "184": 7.568004890441895, "185": 7.658049362182617, "186": 7.616397485351563, "187": 7.556316365814209, "188": 7.560317755889892, "189": 7.706216236114502, "190": 7.5832773880004885, "191": 7.6665078689575195, "192": 7.836039443969726, "193": 7.783106771087646, "194": 7.775132205200196, "195": 7.648589867401123, "196": 7.636882506561279, "197": 7.728089451599121, "198": 7.88923936920166, "199": 7.661931929016113, "200": 7.909515628051758, "201": 7.886463011169433, "202": 7.856607775878906, "203": 7.939693635559082, "204": 8.003213554382324, "205": 7.952851751708985, "206": 7.891388166809082, "207": 7.895656269836426, "208": 8.017787759399415, "209": 8.020608769226074, "210": 7.935073284912109, "211": 8.070806566619874, "212": 8.075107774353027, "213": 8.199528483581544, "214": 8.14693910446167, "215": 8.03428934020996, "216": 8.130023133850097, "217": 8.156580680847169, "218": 8.047726756286622, "219": 8.072943714904785, "220": 8.11237480545044, "221": 8.198019578552247, "222": 8.15277872314453, "223": 8.15658274230957, "224": 8.122626356506348, "225": 8.142882316589356, "226": 8.160179908752442, "227": 8.208273023986816, "228": 8.177875886535645, "229": 8.245142975616455, "230": 8.342752611541748, "231": 8.203872355651855, "232": 8.140169026184083, "233": 8.100567471313477, "234": 8.256326802062988, "235": 8.321189920043945, "236": 8.319041989135743, "237": 8.365447499847413, "238": 8.33420460357666, "239": 8.357077085113525, "240": 8.355886109924317, "241": 8.336301693725586, "242": 8.458098488616944, "243": 8.447798877716064, "244": 8.49848012084961, "245": 8.480060887145996, "246": 8.494651945495605, "247": 8.51713480834961, "248": 8.49360001220703, "249": 8.464928579711914, "250": 8.514029682922363, "251": 8.496734719085694, "252": 8.534963290405273, "253": 8.50493617553711, "254": 8.524852395629884, "255": 8.542368017578125, "256": 8.520716600036621, "257": 8.512848712921143, "258": 8.539364247894287, "259": 8.515052212524415, "260": 8.50356792755127, "261": 8.506507640838622, "262": 8.517181365966797, "263": 8.503999368286133, "264": 8.506418000030518, "265": 8.522152906799317, "266": 8.47454750213623, "267": 8.505605668640136, "268": 8.476468740081787, "269": 8.501473692321778, "270": 8.490155577087402, "271": 8.510506691741943, "272": 8.499790320587158, "273": 8.524064297485351, "274": 8.496643817138672, "275": 8.492856607055664, "276": 8.49659277191162, "277": 8.517021813964844, "278": 8.53425393371582, "279": 8.50835486907959, "280": 8.54891390838623, "281": 8.563557376098633, "282": 8.538051731109618, "283": 8.546240557098388, "284": 8.5407953125, "285": 8.527570069885254, "286": 8.540713327026367, "287": 8.524717666625977, "288": 8.552020150756835, "289": 8.541856665039063, "290": 8.537191665649415, "291": 8.524526422119141, "292": 8.521296635437011, "293": 8.516309295654297, "294": 8.529920751190186, "295": 8.549070106506347, "296": 8.533004133605957, "297": 8.549159365844726, "298": 8.557113749694825, "299": 8.547695976257325, "300": 8.479976655578612, "301": 8.448413751220704, "302": 8.501732369995118, "303": 8.484452033996583, "304": 8.519862602233887, "305": 8.51887474975586, "306": 8.521862799835205, "307": 8.511584391784668, "308": 8.547199531555176, "309": 8.55350012512207, "310": 8.543670693969727,