{"0": 2.1132024773491755, "1": 1.4921608064439562, "2": 1.185853643629286, "3": 1.0084215832180448, "4": 0.8981485392252604, "5": 0.7997075458102756, "6": 0.7195875075446235, "7": 0.6694576877170139, "8": 0.6348798955281576, "9": 0.6037929308573405, "10": 0.5730088403489855, "11": 0.55765777375963, "12": 0.5390614659627279, "13": 0.5353966503567166, "14": 0.5187617028978135, "15": 0.5096911595662434, "16": 0.4938796680026584, "17": 0.4941873642815484, "18": 0.4791580509185791, "19": 0.47467195417616104, "20": 0.4692020556979709, "21": 0.46295673921373154, "22": 0.46163005396525064, "23": 0.4531460454305013, "24": 0.451216808658176, "25": 2.5136234585232207, "26": 2.5120118330213757, "27": 2.5141969197591147, "28": 2.5144460428873696, "29": 2.5138094197591148, "30": 2.514423551771376, "31": 2.513810411580404, "32": 2.3985592176649306, "33": 2.3984531311035155, "34": 2.3980909779866537, "35": 2.399395595296224, "36": 2.3992076260036894, "37": 1.8201178352038065, "38": 1.3260068863630294, "39": 1.1614940245946248, "40": 1.0180097321669261, "41": 0.7686933944622676, "42": 0.6694828654328983, "43": 0.7414647926886876, "44": 0.5789018576343854, "45": 0.45216622625788055, "46": 0.3324285227805376, "47": 0.4472934262206157, "48": 0.27269944629321496, "49": 0.8632921986281872, "50": 0.5755349405109882, "51": 0.12878259383141993, "52": 0.6286748837679624, "53": 0.9937740931597848, "54": 0.4539516758484145, "55": 1.333190740738064, "56": 0.4385560629889369, "57": 0.2961362594583382, "58": 1.0066747475570688, "59": 0.456693072974061, "60": 0.228304801757137, "61": 1.0716977818558613, "62": 1.1322510021273047, "63": 1.1673171940414855, "64": 0.5487673584682246, "65": 0.2158650883163015, "66": 0.0419257076534753, "67": 0.9107430019338305, "68": 0.8119347022070239, "69": 0.4108675487106666, "70": 1.5922046282483886, "71": 0.5799262578909595, "72": 0.8292476715287194, "73": 0.2366811569624891, "74": 1.275309408425043, "75": 0.37032726800534876, "76": 0.12866422842877606, "77": 0.9167070733383298, "78": 0.9257036041468382, "79": 0.2452729666295151, "80": 0.056771903787739574, "81": 0.2693884883541614, "82": 0.13845301352751752, "83": 0.9173448311009754, "84": 0.08420511806228509, "85": 1.0799143638772268, "86": 0.17015844335158667, "87": 0.81745184053046, "88": 0.8735073614555101, "89": 0.39899550499394537, "90": 0.04503882066346705, "91": 0.7001809294335544, "92": 0.9387210648041219, "93": 0.5907760156784206, "94": 0.49266823505361873, "95": 0.24551774055386583, "96": 0.1603510586467261, "97": 0.0581298805695648, "98": 0.11702049802212665, "99": 0.5362303046509623, "100": 0.6349615639851739, "101": 0.5841809836216271, "102": 0.35268384001683445, "103": 0.22356170751154422, "104": 0.17794601438411822, "105": 1.356980837485753, "106": 1.0274411331939821, "107": 0.6852119775954634, "108": 0.2090981286096697, "109": 0.1515557443878303, "110": 0.5306462040326247, "111": 0.08500639780734977, "112": 0.11634999735591313, "113": 0.35268447214427096, "114": 0.12280603897136946, "115": 1.3402681601544222, "116": 1.50876284702681, "117": 1.125022064902199, "118": 1.4636585423140787, "119": 0.09927294252750775, "120": 0.1862936192813019, "121": 0.8893292846934249, "122": 0.06051882668398321, "123": 0.3807045882179712, "124": 0.7290169686311856, "125": 0.10608662326509753, "126": 0.39219680026484033, "127": 0.24234024008425573, "128": 0.46259670780661205, "129": 1.6359214196059233, "130": 1.0524396979482844, "131": 1.142314341198653, "132": 0.34319990990528215, "133": 0.7959283208396907, "134": 0.05300149161679049, "135": 0.31135407586892444, "136": 0.10156331992087266, "137": 0.05651629447626571, "138": 0.16976751897018402, "139": 0.08370817916778227, "140": 0.0708125232408444, "141": 0.08809140341666838, "142": 0.40897349033815167, "143": 0.30464330775042375, "144": 0.4184258859449377, "145": 0.3070306770503521, "146": 0.8753070432537545, "147": 0.9391673785750754, "148": 0.22318637246886888, "149": 0.09481236450374127, "150": 0.06816764223234108, "151": 0.013313825226699312, "152": 0.006331712719596302, "153": 0.0031627423556831974, "154": 0.00360169045937558, "155": 0.014747039845678956, "156": 0.0011943390573530147, "157": 0.002691312462169056, "158": 0.0022496382599153245, "159": 0.0013462135752585406, "160": 0.0008954772027209401, "161": 0.04227270771322462, "162": 0.0007379895871660362, "163": 0.0006058077036868781, "164": 0.003689774152492949, "165": 0.0010997372854035347, "166": 0.0003917888898286037, "167": 0.0018660074589812818, "168": 0.0006340818746442286, "169": 0.005037963757058605, "170": 0.00034365205986735723, "171": 0.000965014237347835, "172": 0.00246449454134563, "173": 0.00025435597053728997, "174": 0.005217769808950834, "175": 0.0003272572323718729, "176": 0.0002058180640839661, "177": 0.0004986656267040719, "178": 0.0003290903162754451, "179": 0.0005251392593587904, "180": 0.005244604986607252, "181": 0.010090596909140003, "182": 0.00014005805084404225, "183": 0.00021754442059318535, "184": 0.00015381997388127882, "185": 0.00013216379350827385, "186": 0.00020053281890189585, "187": 0.00041130697451687107, "188": 0.0003889418211959613, "189": 0.0004986745729790225, "190": 0.0016893100932065864, "191": 0.001006271430621079, "192": 0.0002742917264792292, "193": 0.0013699915922188665, "194": 0.00030974490364314987, "195": 0.0003614218920120038, "196": 0.00032645976170897484, "197": 0.0005140728297798584, "198": 0.0001290062912933839, "199": 0.00011609689851563113, "200": 0.0008824257691837071, "201": 0.00010469958288013003, "202": 9.103644770220853e-05, "203": 8.759628059730554e-05, "204": 0.00044459560813265854, "205": 0.0012196558418509085, "206": 0.00011929141425450022, "207": 8.386157132918015e-05, "208": 7.84059235835836e-05, "209": 8.141230585655043e-05, "210": 0.00011817168087873142, "211": 0.00010487435477746961, "212": 0.00014754646508663427, "213": 6.881190929561854e-05, "214": 0.00010819663208773515, "215": 7.652056859418129e-05, "216": 0.0019321738912064272, "217": 8.382890846405643e-05, "218": 0.00015081164904889494, "219": 7.110615212392682e-05, "220": 7.564910556538962e-05, "221": 0.0006830435663384075, "222": 6.670711457748743e-05, "223": 0.0011344139613356675, "224": 0.00016291396762729466, "225": 0.001023729343432933, "226": 0.0016898724273535966, "227": 5.9471296723738e-05, "228": 5.84135189759157e-05, "229": 5.96400052017998e-05, "230": 0.0003859413429988005, "231": 6.342931107307473e-05, "232": 8.669306759353882e-05, "233": 6.057830481343747e-05, "234": 5.7145622728664115e-05, "235": 5.8563684312199864e-05, "236": 5.419553648001359e-05, "237": 5.902130554507797e-05, "238": 5.3874989437948294e-05, "239": 5.221760936062007e-05, "240": 5.0736699389138566e-05, "241": 0.0005852653083517604, "242": 4.82645026446941e-05, "243": 5.3819690098559177e-05, "244": 0.00023159993264319686, "245": 0.0005087427728237041, "246": 4.99863318206432e-05, "247": 5.010719990726405e-05, "248": 5.651335183453436e-05, "249": 0.0002282011714366187, "250": 4.906441305744617e-05, "251": 0.00029687229446911565, "252": 4.6719902820768765e-05, "253": 5.1451522570763096e-05, "254": 4.592323105801673e-05, "255": 4.446372428598503e-05, "256": 9.681203203702656e-05, "257": 4.934419824470145e-05, "258": 0.00011128104949117793, "259": 4.546816914322941e-05, "260": 4.7551295331989725e-05, "261": 4.9974516150541605e-05, "262": 4.269859794779525e-05, "263": 4.566994333193482e-05, "264": 5.421932643609277e-05, "265": 4.525822102247427e-05, "266": 0.00013695594789169262, "267": 4.747009794906868e-05, "268": 4.7964595069061033e-05, "269": 0.0005679108124847213, "270": 4.5226833632720326e-05, "271": 4.678379724888752e-05, "272": 4.728638402108724e-05, "273": 4.366867578937672e-05, "274": 4.541523849184159e-05, "275": 4.573810001602396e-05, "276": 5.188995201024227e-05, "277": 4.793954661484652e-05, "278": 4.381203822655759e-05, "279": 4.4463941594585774e-05, "280": 4.540449651055193e-05, "281": 4.277086178869164e-05, "282": 5.546120786069271e-05, "283": 4.972468329166683e-05,