{"0": 1.8079109470367432, "1": 1.4180228328704834, "2": 1.309910431098938, "3": 1.0303226523399354, "4": 0.9994606121063232, "5": 0.8297636141777038, "6": 0.8058741811752319, "7": 0.7337629464149475, "8": 0.9086204471588135, "9": 0.6380209280014038, "10": 0.8265630043268204, "11": 0.8604689440250397, "12": 0.7890934307098388, "13": 0.9486602958679199, "14": 0.6821745315551758, "15": 0.5596819494247437, "16": 0.8215391342163086, "17": 0.6332232234954834, "18": 0.6122185737609863, "19": 0.8759936403274536, "20": 0.5975068698167801, "21": 0.7145084320068359, "22": 0.7932007978439332, "23": 0.5937178825855255, "24": 0.5116542407035828, "25": 2.527570307159424, "26": 2.5280894744873046, "27": 2.5305030841827394, "28": 2.5296812355041505, "29": 2.5298415588378904, "30": 2.5315367652893066, "31": 2.530791808319092, "32": 2.407606219482422, "33": 2.4100035873413086, "34": 2.407843511199951, "35": 2.410489044570923, "36": 2.406404216003418, "37": 2.3362079929351807, "38": 2.3436254508972167, "39": 2.3807889640808106, "40": 2.357917127227783, "41": 2.4007648525238037, "42": 2.33376487197876, "43": 2.3598039936065676, "44": 2.4287123931884764, "45": 2.710190138244629, "46": 2.809346594619751, "47": 2.9514482788085936, "48": 2.9155943550109864, "49": 3.5246368774414063, "50": 3.542037707901001, "51": 3.381780225753784, "52": 3.661339649963379, "53": 3.591945393753052, "54": 3.9220150497436523, "55": 4.0923350692749025, "56": 4.164737264633179, "57": 4.484970902252197, "58": 4.241826728820801, "59": 4.432043354797363, "60": 5.058092373657226, "61": 4.538043637847901, "62": 4.317029402160644, "63": 4.551848596954346, "64": 4.57470100402832, "65": 4.435991568756103, "66": 5.184047898101807, "67": 4.710151416778564, "68": 4.945996913909912, "69": 5.128309962463379, "70": 4.494537236404419, "71": 4.666708071136474, "72": 4.550090870666504, "73": 4.963075273132325, "74": 4.10299455909729, "75": 5.089487921142578, "76": 4.91351028213501, "77": 5.090305081176758, "78": 4.055817040634155, "79": 4.92194405670166, "80": 5.082964070892334, "81": 4.839921450042724, "82": 5.7437139526367185, "83": 4.675052833557129, "84": 5.548758416748047, "85": 4.629421334075928, "86": 5.23623931312561, "87": 4.872968559265137, "88": 5.522274149322509, "89": 4.703110646057129, "90": 5.052974607849121, "91": 5.099786705780029, "92": 4.57329280166626, "93": 5.300215470123291, "94": 5.127763957977295, "95": 5.117594863891601, "96": 5.0209992866516115, "97": 5.460795211791992, "98": 4.884663682556153, "99": 4.877137321853637, "100": 5.220578371429443, "101": 5.544213938140869, "102": 5.696658800506592, "103": 4.772032849884034, "104": 5.030823301696778, "105": 8.74036463317871, "106": 5.319333544921875, "107": 4.640280544281006, "108": 4.965731045532227, "109": 5.329279672241211, "110": 4.646545497894287, "111": 5.518306418609619, "112": 4.932974950408935, "113": 4.809521392440796, "114": 5.3407249336242675, "115": 5.4122973258972165, "116": 5.075588529205322, "117": 5.404134330749511, "118": 4.965558972167969, "119": 4.94030034942627, "120": 4.875457308959961, "121": 4.744220697021484, "122": 4.629519878387451, "123": 5.372043788909912, "124": 5.065630175018311, "125": 5.290707042694092, "126": 6.355016756439209, "127": 5.459240599822998, "128": 5.134729568481445, "129": 6.117613108825684, "130": 5.296303398132324, "131": 4.790244530105591, "132": 5.3259640991210935, "133": 6.5302997375488285, "134": 5.0743967681884765, "135": 4.98711342048645, "136": 5.130108494567871, "137": 5.51902057647705, "138": 5.521690259933472, "139": 5.28750950088501, "140": 5.859310673522949, "141": 5.362467951202393, "142": 5.596308739471436, "143": 5.212640697479248, "144": 5.108244882583618, "145": 5.110219598388672, "146": 4.585227181243896, "147": 6.458080556488037, "148": 5.106900483703614, "149": 5.914488140869141, "150": 5.609756307220459, "151": 5.766935475921631, "152": 5.893258911895752, "153": 6.029540420532227, "154": 6.08945804901123, "155": 6.223240134429932, "156": 6.327241960144043, "157": 6.465524589538574, "158": 6.545289191436767, "159": 6.613991648101806, "160": 6.741401867675782, "161": 6.8217532867431645, "162": 6.825499766540528, "163": 6.865666690063477, "164": 7.017970184326172, "165": 6.972895877838135, "166": 6.983528448486328, "167": 7.07767333984375, "168": 7.104640711975097, "169": 7.248340866088867, "170": 7.288387686157226, "171": 7.206830841064453, "172": 7.419665525817871, "173": 7.3815378471374515, "174": 7.299056284332275, "175": 7.41447512512207, "176": 7.47794833984375, "177": 7.498314544677735, "178": 7.557471452331543, "179": 7.640086322021484, "180": 7.363062818908691, "181": 7.441436492919922, "182": 7.573824713134766, "183": 7.669409548950195, "184": 7.56800454711914, "185": 7.658048699951172, "186": 7.61639730682373, "187": 7.556316090393066, "188": 7.560317977905274, "189": 7.706216777038574, "190": 7.583276872253418, "191": 7.666508095550537, "192": 7.8360392959594725, "193": 7.783105952453614, "194": 7.775132760620117, "195": 7.6485894004821775, "196": 7.6368830780029295, "197": 7.728090272521973, "198": 7.889240038299561, "199": 7.661931923675537, "200": 7.909515756225586, "201": 7.886463235473633, "202": 7.856608256530762, "203": 7.9396935592651365, "204": 8.00321393737793, "205": 7.95285135345459, "206": 7.891386050415039, "207": 7.8956560638427735, "208": 8.017788221740723, "209": 8.020609553527832, "210": 7.935072862243652, "211": 8.070807186889649, "212": 8.075108311462403, "213": 8.199529486083984, "214": 8.146939324951171, "215": 8.034289080810547, "216": 8.130023194122314, "217": 8.156580072021484, "218": 8.047726454162598, "219": 8.072943650817871, "220": 8.112375629425049, "221": 8.198019551086427, "222": 8.152778427124023, "223": 8.156582754516602, "224": 8.12262589263916, "225": 8.142880339050294, "226": 8.160180104064942, "227": 8.208273316192628, "228": 8.177876817321778, "229": 8.245143552017211, "230": 8.342752158355713, "231": 8.20387133255005, "232": 8.140169341278076, "233": 8.100568106842042, "234": 8.256326485443115, "235": 8.321189918518066, "236": 8.319041357421876, "237": 8.365447702026367, "238": 8.334204315185547, "239": 8.357078271484376, "240": 8.355886460876464, "241": 8.33630213317871, "242": 8.458098833465575, "243": 8.447798449707031, "244": 8.498480239868163, "245": 8.480059411621093, "246": 8.494651510620118, "247": 8.517134980773927, "248": 8.493599534606934, "249": 8.464928703308106, "250": 8.514030181884765, "251": 8.496734928131103, "252": 8.534963948059081, "253": 8.504936155700683, "254": 8.524852446746825, "255": 8.542368568420411, "256": 8.520717623519898, "257": 8.512849078369142, "258": 8.539364636230468, "259": 8.515052362823486, "260": 8.503566468811036, "261": 8.506507707214356, "262": 8.517182739257812, "263": 8.50400072479248, "264": 8.506418495178222, "265": 8.522153999328614, "266": 8.474548150634766, "267": 8.505606045532227, "268": 8.47646986541748, "269": 8.501474130249024, "270": 8.490155648040771, "271": 8.510505207824707, "272": 8.499790260314942, "273": 8.52406517944336, "274": 8.496643968200683, "275": 8.492856861877442, "276": 8.496593171691895, "277": 8.517019657897949, "278": 8.534253900909423, "279": 8.508354452514649, "280": 8.54891614227295, "281": 8.563556489562988, "282": 8.538051596069336, "283": 8.54623918609619, "284": 8.540795822143554, "285": 8.52756935119629, "286": 8.540713404083252, "287": 8.52471696472168, "288": 8.55202018585205, "289": 8.541856608581543, "290": 8.537191621398925, "291": 8.524526403808593, "292": 8.521296249389648, "293": 8.516308488464356, "294": 8.529920834350586, "295": 8.549069779968262, "296": 8.533005114746095, "297": 8.549158255004883, "298": 8.55711304244995, "299": 8.54769641418457, "300": 8.479976401519776, "301": 8.448413708496094, "302": 8.501732180023193, "303": 8.484451745605469, "304": 8.51986478805542, "305": 8.518874905395508, "306": 8.521862589263916, "307": 8.511583798217773, "308": 8.547200955200195, "309": 8.553500057983399, "310": 8.543670082855225,